<?xml version="1.0" encoding="UTF-8"?>
<root>
  <item name="mm.technomation.mmtext.MMToast android.widget.Toast makeMMText(android.content.Context, java.lang.CharSequence, int) 2">
    <annotation name="androidx.annotation.IntDef">
      <val name="value" val="{android.widget.Toast.LENGTH_SHORT, android.widget.Toast.LENGTH_LONG}" />
    </annotation>
  </item>
  <item name="mm.technomation.mmtext.MMToast.Duration">
    <annotation name="androidx.annotation.IntDef">
      <val name="value" val="{android.widget.Toast.LENGTH_SHORT, android.widget.Toast.LENGTH_LONG}" />
    </annotation>
  </item>
</root>

